comparison,time_gap_years,spearman_corr
2012 vs 2015,3,-0.3701382488479263
2015 vs 2018,3,-0.06850192061459667
2012 vs 2018,6,-0.542964132641552
